business_name,category,city,address,phone,source
National Cafe 1,Cafe,Mumbai,"Main Road, Mumbai, Maharashtra",9127503042,Sample Directory
Royal Restaurant 2,Restaurant,Pune,"Main Road, Pune, Maharashtra",9874450148,Sample Directory
Smart Technology 3,IT Company,Delhi,"Main Road, Delhi, Maharashtra",9618986616,Local Directory
Modern Automobile 4,Automobile,Kolhapur,"Main Road, Kolhapur, Maharashtra",9608456507,Sample Directory
Green Restaurant 5,Restaurant,Nashik,"Main Road, Nashik, Maharashtra",9231965970,Business Directory
National Technology 6,IT Company,Aurangabad,"Main Road, Aurangabad, Maharashtra",9733983309,Local Directory
Prime Hotel 7,Hotel,Delhi,"Main Road, Delhi, Maharashtra",9858313841,Sample Directory
Smart Retail 8,Retail Store,Kolhapur,"Main Road, Kolhapur, Maharashtra",9395246947,Local Directory
Royal Automobile 9,Automobile,Thane,"Main Road, Thane, Maharashtra",9094849125,Local Directory
National Restaurant 10,Restaurant,Kolhapur,"Main Road, Kolhapur, Maharashtra",9453014677,Business Directory
City Education 11,Education,Aurangabad,"Main Road, Aurangabad, Maharashtra",9161623793,Business Directory
Royal Fitness 12,Gym,Hyderabad,"Main Road, Hyderabad, Maharashtra",9143086383,Local Directory
Modern Retail 13,Retail Store,Bengaluru,"Main Road, Bengaluru, Maharashtra",9494996151,Sample Directory
Global Cafe 14,Cafe,Thane,"Main Road, Thane, Maharashtra",9319835500,Sample Directory
City Retail 15,Retail Store,Nashik,"Main Road, Nashik, Maharashtra",9849174149,Sample Directory
National Hotel 16,Hotel,Mumbai,"Main Road, Mumbai, Maharashtra",9226204784,Sample Directory
Royal Beauty 17,Salon,Hyderabad,"Main Road, Hyderabad, Maharashtra",9659940570,Business Directory
National Hospital 18,Hospital,Nashik,"Main Road, Nashik, Maharashtra",9585588647,Sample Directory
Royal Cafe 19,Cafe,Nashik,"Main Road, Nashik, Maharashtra",9852934143,Sample Directory
Smart Automobile 20,Automobile,Nagpur,"Main Road, Nagpur, Maharashtra",9516952763,Local Directory
Smart Hospital 21,Hospital,Delhi,"Main Road, Delhi, Maharashtra",9804345918,Business Directory
Elite Education 22,Education,Nashik,"Main Road, Nashik, Maharashtra",9833719470,Business Directory
National Technology 23,IT Company,Bengaluru,"Main Road, Bengaluru, Maharashtra",9060986771,Local Directory
Modern Retail 24,Retail Store,Pune,"Main Road, Pune, Maharashtra",9228108813,Sample Directory
Elite Technology 25,IT Company,Pune,"Main Road, Pune, Maharashtra",9340722918,Business Directory
Elite Retail 26,Retail Store,Aurangabad,"Main Road, Aurangabad, Maharashtra",9278191164,Business Directory
Global Education 27,Education,Aurangabad,"Main Road, Aurangabad, Maharashtra",9786600471,Local Directory
Global Hotel 28,Hotel,Pune,"Main Road, Pune, Maharashtra",9297948500,Sample Directory
Global Automobile 29,Automobile,Pune,"Main Road, Pune, Maharashtra",9528465676,Local Directory
Modern Restaurant 30,Restaurant,Nagpur,"Main Road, Nagpur, Maharashtra",9621915202,Local Directory
Global Retail 31,Retail Store,Pune,"Main Road, Pune, Maharashtra",9984260895,Business Directory
Modern Education 32,Education,Delhi,"Main Road, Delhi, Maharashtra",9393569071,Business Directory
Global Education 33,Education,Nagpur,"Main Road, Nagpur, Maharashtra",9124265335,Local Directory
City Education 34,Education,Hyderabad,"Main Road, Hyderabad, Maharashtra",9447161568,Sample Directory
Smart Restaurant 35,Restaurant,Thane,"Main Road, Thane, Maharashtra",9914590033,Business Directory
Green Hospital 36,Hospital,Aurangabad,"Main Road, Aurangabad, Maharashtra",9700421780,Sample Directory
Smart Hospital 37,Hospital,Mumbai,"Main Road, Mumbai, Maharashtra",9824110713,Business Directory
Green Hotel 38,Hotel,Hyderabad,"Main Road, Hyderabad, Maharashtra",9850189182,Business Directory
Green Restaurant 39,Restaurant,Bengaluru,"Main Road, Bengaluru, Maharashtra",9195255961,Sample Directory
Smart Beauty 40,Salon,Aurangabad,"Main Road, Aurangabad, Maharashtra",9679337775,Local Directory
Royal Retail 41,Retail Store,Aurangabad,"Main Road, Aurangabad, Maharashtra",9274995733,Sample Directory
Metro Retail 42,Retail Store,Nashik,"Main Road, Nashik, Maharashtra",9248856840,Sample Directory
Green Restaurant 43,Restaurant,Hyderabad,"Main Road, Hyderabad, Maharashtra",9411478141,Local Directory
City Beauty 44,Salon,Nashik,"Main Road, Nashik, Maharashtra",9679991605,Business Directory
City Cafe 45,Cafe,Hyderabad,"Main Road, Hyderabad, Maharashtra",9301516646,Sample Directory
Metro Technology 46,IT Company,Hyderabad,"Main Road, Hyderabad, Maharashtra",9172847603,Sample Directory
Green Cafe 47,Cafe,Hyderabad,"Main Road, Hyderabad, Maharashtra",9400365689,Local Directory
Royal Retail 48,Retail Store,Aurangabad,"Main Road, Aurangabad, Maharashtra",9753579561,Local Directory
City Fitness 49,Gym,Bengaluru,"Main Road, Bengaluru, Maharashtra",9989626650,Sample Directory
City Hotel 50,Hotel,Thane,"Main Road, Thane, Maharashtra",9522041629,Sample Directory
Modern Restaurant 51,Restaurant,Mumbai,"Main Road, Mumbai, Maharashtra",9659006419,Local Directory
Modern Hotel 52,Hotel,Mumbai,"Main Road, Mumbai, Maharashtra",9822884473,Sample Directory
City Restaurant 53,Restaurant,Nagpur,"Main Road, Nagpur, Maharashtra",9156347804,Local Directory
National Restaurant 54,Restaurant,Bengaluru,"Main Road, Bengaluru, Maharashtra",9231082489,Sample Directory
Smart Cafe 55,Cafe,Kolhapur,"Main Road, Kolhapur, Maharashtra",9353396616,Sample Directory
Prime Restaurant 56,Restaurant,Thane,"Main Road, Thane, Maharashtra",9994505052,Local Directory
Prime Education 57,Education,Thane,"Main Road, Thane, Maharashtra",9221809317,Business Directory
Prime Fitness 58,Gym,Nagpur,"Main Road, Nagpur, Maharashtra",9561740706,Business Directory
National Automobile 59,Automobile,Mumbai,"Main Road, Mumbai, Maharashtra",9878662923,Sample Directory
Royal Hospital 60,Hospital,Pune,"Main Road, Pune, Maharashtra",9415648699,Local Directory
Smart Education 61,Education,Mumbai,"Main Road, Mumbai, Maharashtra",9845317306,Local Directory
Royal Beauty 62,Salon,Delhi,"Main Road, Delhi, Maharashtra",9722879866,Local Directory
Modern Beauty 63,Salon,Kolhapur,"Main Road, Kolhapur, Maharashtra",9247380558,Business Directory
Modern Cafe 64,Cafe,Hyderabad,"Main Road, Hyderabad, Maharashtra",9221007006,Business Directory
Smart Hotel 65,Hotel,Thane,"Main Road, Thane, Maharashtra",9261107530,Sample Directory
Green Beauty 66,Salon,Aurangabad,"Main Road, Aurangabad, Maharashtra",9298886548,Local Directory
City Automobile 67,Automobile,Aurangabad,"Main Road, Aurangabad, Maharashtra",9046367478,Business Directory
Smart Hotel 68,Hotel,Aurangabad,"Main Road, Aurangabad, Maharashtra",9990537423,Sample Directory
Green Beauty 69,Salon,Aurangabad,"Main Road, Aurangabad, Maharashtra",9223041087,Local Directory
Modern Hospital 70,Hospital,Aurangabad,"Main Road, Aurangabad, Maharashtra",9069679333,Local Directory
Modern Restaurant 71,Restaurant,Nagpur,"Main Road, Nagpur, Maharashtra",9595570396,Business Directory
Green Cafe 72,Cafe,Aurangabad,"Main Road, Aurangabad, Maharashtra",9527513092,Sample Directory
Modern Technology 73,IT Company,Hyderabad,"Main Road, Hyderabad, Maharashtra",9938644899,Sample Directory
Smart Hotel 74,Hotel,Mumbai,"Main Road, Mumbai, Maharashtra",9524926401,Sample Directory
Global Beauty 75,Salon,Pune,"Main Road, Pune, Maharashtra",9970835835,Sample Directory
Metro Education 76,Education,Nagpur,"Main Road, Nagpur, Maharashtra",9117489460,Sample Directory
Global Restaurant 77,Restaurant,Delhi,"Main Road, Delhi, Maharashtra",9178265718,Local Directory
Smart Education 78,Education,Kolhapur,"Main Road, Kolhapur, Maharashtra",9547706264,Business Directory
City Technology 79,IT Company,Kolhapur,"Main Road, Kolhapur, Maharashtra",9549552761,Local Directory
Green Restaurant 80,Restaurant,Thane,"Main Road, Thane, Maharashtra",9992724714,Business Directory
Metro Hotel 81,Hotel,Bengaluru,"Main Road, Bengaluru, Maharashtra",9948906905,Sample Directory
Elite Education 82,Education,Aurangabad,"Main Road, Aurangabad, Maharashtra",9747708440,Sample Directory
Smart Automobile 83,Automobile,Delhi,"Main Road, Delhi, Maharashtra",9206808891,Sample Directory
Prime Education 84,Education,Thane,"Main Road, Thane, Maharashtra",9894793555,Sample Directory
Elite Hotel 85,Hotel,Bengaluru,"Main Road, Bengaluru, Maharashtra",9942965861,Sample Directory
Modern Cafe 86,Cafe,Kolhapur,"Main Road, Kolhapur, Maharashtra",9517418432,Local Directory
Green Beauty 87,Salon,Mumbai,"Main Road, Mumbai, Maharashtra",9582574923,Sample Directory
Royal Fitness 88,Gym,Nagpur,"Main Road, Nagpur, Maharashtra",9688121268,Local Directory
Royal Fitness 89,Gym,Thane,"Main Road, Thane, Maharashtra",9208487855,Local Directory
City Beauty 90,Salon,Hyderabad,"Main Road, Hyderabad, Maharashtra",9044521126,Business Directory
City Hospital 91,Hospital,Kolhapur,"Main Road, Kolhapur, Maharashtra",9904665468,Sample Directory
Royal Hospital 92,Hospital,Nashik,"Main Road, Nashik, Maharashtra",9922983832,Sample Directory
Smart Beauty 93,Salon,Pune,"Main Road, Pune, Maharashtra",9753502237,Sample Directory
Green Automobile 94,Automobile,Kolhapur,"Main Road, Kolhapur, Maharashtra",9814695732,Local Directory
Green Education 95,Education,Pune,"Main Road, Pune, Maharashtra",9786022646,Local Directory
Elite Retail 96,Retail Store,Hyderabad,"Main Road, Hyderabad, Maharashtra",9357859744,Sample Directory
National Hospital 97,Hospital,Aurangabad,"Main Road, Aurangabad, Maharashtra",9406342860,Local Directory
Global Retail 98,Retail Store,Nagpur,"Main Road, Nagpur, Maharashtra",9685789545,Business Directory
Royal Technology 99,IT Company,Hyderabad,"Main Road, Hyderabad, Maharashtra",9959113758,Sample Directory
Prime Cafe 100,Cafe,Thane,"Main Road, Thane, Maharashtra",9507264129,Local Directory
Prime Cafe 101,Cafe,Kolhapur,"Main Road, Kolhapur, Maharashtra",9431222253,Business Directory
National Technology 102,IT Company,Pune,"Main Road, Pune, Maharashtra",9338883802,Sample Directory
Modern Fitness 103,Gym,Nashik,"Main Road, Nashik, Maharashtra",9648793449,Local Directory
City Retail 104,Retail Store,Delhi,"Main Road, Delhi, Maharashtra",9193051634,Sample Directory
Royal Beauty 105,Salon,Hyderabad,"Main Road, Hyderabad, Maharashtra",9326360577,Local Directory
City Beauty 106,Salon,Hyderabad,"Main Road, Hyderabad, Maharashtra",9781735675,Business Directory
Royal Retail 107,Retail Store,Aurangabad,"Main Road, Aurangabad, Maharashtra",9342974920,Local Directory
Royal Cafe 108,Cafe,Nagpur,"Main Road, Nagpur, Maharashtra",9171655640,Local Directory
Modern Restaurant 109,Restaurant,Aurangabad,"Main Road, Aurangabad, Maharashtra",9782973534,Local Directory
City Hotel 110,Hotel,Mumbai,"Main Road, Mumbai, Maharashtra",9495269228,Business Directory
Metro Restaurant 111,Restaurant,Nagpur,"Main Road, Nagpur, Maharashtra",9988117004,Local Directory
Smart Hotel 112,Hotel,Mumbai,"Main Road, Mumbai, Maharashtra",9160598378,Sample Directory
Modern Beauty 113,Salon,Aurangabad,"Main Road, Aurangabad, Maharashtra",9480774564,Local Directory
Green Technology 114,IT Company,Pune,"Main Road, Pune, Maharashtra",9896401139,Business Directory
Green Cafe 115,Cafe,Thane,"Main Road, Thane, Maharashtra",9369421834,Sample Directory
City Cafe 116,Cafe,Kolhapur,"Main Road, Kolhapur, Maharashtra",9994576764,Sample Directory
Green Hospital 117,Hospital,Delhi,"Main Road, Delhi, Maharashtra",9941350613,Business Directory
Elite Education 118,Education,Bengaluru,"Main Road, Bengaluru, Maharashtra",9807395009,Local Directory
Prime Cafe 119,Cafe,Mumbai,"Main Road, Mumbai, Maharashtra",9795605468,Local Directory
Elite Hospital 120,Hospital,Delhi,"Main Road, Delhi, Maharashtra",9801175616,Business Directory
Smart Hospital 121,Hospital,Pune,"Main Road, Pune, Maharashtra",9022375809,Business Directory
Royal Technology 122,IT Company,Bengaluru,"Main Road, Bengaluru, Maharashtra",9032248684,Local Directory
National Hospital 123,Hospital,Nagpur,"Main Road, Nagpur, Maharashtra",9084195542,Business Directory
Elite Retail 124,Retail Store,Pune,"Main Road, Pune, Maharashtra",9372537983,Business Directory
National Automobile 125,Automobile,Hyderabad,"Main Road, Hyderabad, Maharashtra",9654508793,Sample Directory
Prime Cafe 126,Cafe,Kolhapur,"Main Road, Kolhapur, Maharashtra",9812744289,Business Directory
Modern Beauty 127,Salon,Nashik,"Main Road, Nashik, Maharashtra",9710631220,Business Directory
Elite Hotel 128,Hotel,Kolhapur,"Main Road, Kolhapur, Maharashtra",9215013364,Business Directory
Smart Cafe 129,Cafe,Hyderabad,"Main Road, Hyderabad, Maharashtra",9808676021,Business Directory
Elite Technology 130,IT Company,Kolhapur,"Main Road, Kolhapur, Maharashtra",9269341995,Local Directory
Royal Automobile 131,Automobile,Bengaluru,"Main Road, Bengaluru, Maharashtra",9696482707,Business Directory
Global Education 132,Education,Nashik,"Main Road, Nashik, Maharashtra",9276687576,Sample Directory
Modern Automobile 133,Automobile,Nagpur,"Main Road, Nagpur, Maharashtra",9892354656,Local Directory
Metro Fitness 134,Gym,Bengaluru,"Main Road, Bengaluru, Maharashtra",9283372823,Sample Directory
Elite Automobile 135,Automobile,Pune,"Main Road, Pune, Maharashtra",9688268136,Business Directory
Metro Education 136,Education,Nagpur,"Main Road, Nagpur, Maharashtra",9130260436,Business Directory
City Hospital 137,Hospital,Nagpur,"Main Road, Nagpur, Maharashtra",9828612658,Local Directory
Smart Beauty 138,Salon,Mumbai,"Main Road, Mumbai, Maharashtra",9803141528,Local Directory
Metro Beauty 139,Salon,Delhi,"Main Road, Delhi, Maharashtra",9110115308,Sample Directory
Royal Hospital 140,Hospital,Bengaluru,"Main Road, Bengaluru, Maharashtra",9313803916,Local Directory
Modern Fitness 141,Gym,Pune,"Main Road, Pune, Maharashtra",9823235354,Sample Directory
City Restaurant 142,Restaurant,Nagpur,"Main Road, Nagpur, Maharashtra",9876810554,Business Directory
Smart Retail 143,Retail Store,Thane,"Main Road, Thane, Maharashtra",9348818250,Local Directory
Green Education 144,Education,Thane,"Main Road, Thane, Maharashtra",9220332602,Local Directory
Royal Cafe 145,Cafe,Nashik,"Main Road, Nashik, Maharashtra",9120063366,Business Directory
Metro Technology 146,IT Company,Kolhapur,"Main Road, Kolhapur, Maharashtra",9161944637,Business Directory
Metro Automobile 147,Automobile,Mumbai,"Main Road, Mumbai, Maharashtra",9480118236,Sample Directory
National Automobile 148,Automobile,Delhi,"Main Road, Delhi, Maharashtra",9079328157,Sample Directory
Modern Cafe 149,Cafe,Nashik,"Main Road, Nashik, Maharashtra",9412150705,Local Directory
Smart Fitness 150,Gym,Delhi,"Main Road, Delhi, Maharashtra",9053325264,Business Directory
Elite Automobile 151,Automobile,Delhi,"Main Road, Delhi, Maharashtra",9667101215,Local Directory
Modern Hospital 152,Hospital,Nashik,"Main Road, Nashik, Maharashtra",9078026355,Local Directory
Prime Education 153,Education,Kolhapur,"Main Road, Kolhapur, Maharashtra",9952810922,Sample Directory
Metro Hotel 154,Hotel,Delhi,"Main Road, Delhi, Maharashtra",9964069635,Business Directory
Metro Beauty 155,Salon,Mumbai,"Main Road, Mumbai, Maharashtra",9675034900,Sample Directory
Elite Hospital 156,Hospital,Hyderabad,"Main Road, Hyderabad, Maharashtra",9304553419,Business Directory
City Technology 157,IT Company,Kolhapur,"Main Road, Kolhapur, Maharashtra",9665964189,Business Directory
Elite Fitness 158,Gym,Nashik,"Main Road, Nashik, Maharashtra",9726317492,Sample Directory
Royal Hospital 159,Hospital,Nashik,"Main Road, Nashik, Maharashtra",9739169655,Sample Directory
Smart Automobile 160,Automobile,Mumbai,"Main Road, Mumbai, Maharashtra",9247360168,Local Directory
City Technology 161,IT Company,Kolhapur,"Main Road, Kolhapur, Maharashtra",9403986555,Sample Directory
Green Restaurant 162,Restaurant,Thane,"Main Road, Thane, Maharashtra",9514285539,Local Directory
Royal Hotel 163,Hotel,Aurangabad,"Main Road, Aurangabad, Maharashtra",9989841417,Local Directory
Metro Automobile 164,Automobile,Hyderabad,"Main Road, Hyderabad, Maharashtra",9493862860,Local Directory
City Hotel 165,Hotel,Pune,"Main Road, Pune, Maharashtra",9547269711,Local Directory
Green Retail 166,Retail Store,Bengaluru,"Main Road, Bengaluru, Maharashtra",9871780206,Sample Directory
Modern Hotel 167,Hotel,Delhi,"Main Road, Delhi, Maharashtra",9558794765,Sample Directory
National Automobile 168,Automobile,Bengaluru,"Main Road, Bengaluru, Maharashtra",9910260992,Sample Directory
Modern Restaurant 169,Restaurant,Aurangabad,"Main Road, Aurangabad, Maharashtra",9318187062,Local Directory
City Hospital 170,Hospital,Hyderabad,"Main Road, Hyderabad, Maharashtra",9256297799,Business Directory
City Automobile 171,Automobile,Aurangabad,"Main Road, Aurangabad, Maharashtra",9466035234,Business Directory
Global Technology 172,IT Company,Mumbai,"Main Road, Mumbai, Maharashtra",9496799910,Local Directory
Modern Restaurant 173,Restaurant,Nashik,"Main Road, Nashik, Maharashtra",9762104734,Business Directory
Smart Technology 174,IT Company,Thane,"Main Road, Thane, Maharashtra",9682838494,Sample Directory
Royal Retail 175,Retail Store,Thane,"Main Road, Thane, Maharashtra",9875001558,Sample Directory
City Cafe 176,Cafe,Bengaluru,"Main Road, Bengaluru, Maharashtra",9925481160,Business Directory
Global Beauty 177,Salon,Nashik,"Main Road, Nashik, Maharashtra",9089425494,Business Directory
City Retail 178,Retail Store,Delhi,"Main Road, Delhi, Maharashtra",9068174732,Local Directory
Royal Restaurant 179,Restaurant,Nashik,"Main Road, Nashik, Maharashtra",9156742647,Local Directory
Smart Restaurant 180,Restaurant,Nagpur,"Main Road, Nagpur, Maharashtra",9759454933,Business Directory
Global Beauty 181,Salon,Thane,"Main Road, Thane, Maharashtra",9232458774,Business Directory
Royal Education 182,Education,Thane,"Main Road, Thane, Maharashtra",9693917668,Sample Directory
Metro Fitness 183,Gym,Thane,"Main Road, Thane, Maharashtra",9957868697,Business Directory
Prime Retail 184,Retail Store,Nagpur,"Main Road, Nagpur, Maharashtra",9146565909,Business Directory
National Cafe 185,Cafe,Hyderabad,"Main Road, Hyderabad, Maharashtra",9974765406,Sample Directory
Metro Education 186,Education,Aurangabad,"Main Road, Aurangabad, Maharashtra",9274862909,Business Directory
Modern Restaurant 187,Restaurant,Thane,"Main Road, Thane, Maharashtra",9684308903,Sample Directory
Smart Beauty 188,Salon,Mumbai,"Main Road, Mumbai, Maharashtra",9971075301,Sample Directory
Metro Automobile 189,Automobile,Aurangabad,"Main Road, Aurangabad, Maharashtra",9245538842,Sample Directory
Prime Fitness 190,Gym,Aurangabad,"Main Road, Aurangabad, Maharashtra",9616061310,Business Directory
Green Beauty 191,Salon,Kolhapur,"Main Road, Kolhapur, Maharashtra",9482683217,Sample Directory
Prime Cafe 192,Cafe,Thane,"Main Road, Thane, Maharashtra",9914645525,Business Directory
Elite Beauty 193,Salon,Delhi,"Main Road, Delhi, Maharashtra",9487118758,Business Directory
City Hospital 194,Hospital,Delhi,"Main Road, Delhi, Maharashtra",9730054592,Business Directory
Modern Fitness 195,Gym,Kolhapur,"Main Road, Kolhapur, Maharashtra",9776258786,Sample Directory
Royal Restaurant 196,Restaurant,Pune,"Main Road, Pune, Maharashtra",9625361713,Business Directory
Elite Education 197,Education,Mumbai,"Main Road, Mumbai, Maharashtra",9278909801,Local Directory
Smart Fitness 198,Gym,Bengaluru,"Main Road, Bengaluru, Maharashtra",9786083915,Local Directory
Global Beauty 199,Salon,Nagpur,"Main Road, Nagpur, Maharashtra",9348576710,Business Directory
Modern Fitness 200,Gym,Pune,"Main Road, Pune, Maharashtra",9671330943,Local Directory
National Technology 201,IT Company,Mumbai,"Main Road, Mumbai, Maharashtra",9620339892,Business Directory
Modern Automobile 202,Automobile,Nashik,"Main Road, Nashik, Maharashtra",9084590613,Local Directory
City Hospital 203,Hospital,Mumbai,"Main Road, Mumbai, Maharashtra",9633069317,Local Directory
Smart Beauty 204,Salon,Kolhapur,"Main Road, Kolhapur, Maharashtra",9775115005,Local Directory
National Technology 205,IT Company,Thane,"Main Road, Thane, Maharashtra",9817694610,Local Directory
Prime Hotel 206,Hotel,Pune,"Main Road, Pune, Maharashtra",9321005700,Local Directory
City Retail 207,Retail Store,Delhi,"Main Road, Delhi, Maharashtra",9083170046,Sample Directory
Smart Restaurant 208,Restaurant,Aurangabad,"Main Road, Aurangabad, Maharashtra",9089415840,Local Directory
Green Cafe 209,Cafe,Thane,"Main Road, Thane, Maharashtra",9239634172,Local Directory
Global Hospital 210,Hospital,Mumbai,"Main Road, Mumbai, Maharashtra",9647975306,Business Directory
National Hospital 211,Hospital,Hyderabad,"Main Road, Hyderabad, Maharashtra",9315099535,Sample Directory
Modern Cafe 212,Cafe,Mumbai,"Main Road, Mumbai, Maharashtra",9717117733,Local Directory
Green Restaurant 213,Restaurant,Delhi,"Main Road, Delhi, Maharashtra",9529771048,Local Directory
City Technology 214,IT Company,Thane,"Main Road, Thane, Maharashtra",9847716264,Local Directory
Smart Restaurant 215,Restaurant,Nagpur,"Main Road, Nagpur, Maharashtra",9394700124,Local Directory
Modern Hospital 216,Hospital,Bengaluru,"Main Road, Bengaluru, Maharashtra",9923434887,Business Directory
City Retail 217,Retail Store,Pune,"Main Road, Pune, Maharashtra",9558655779,Sample Directory
Green Fitness 218,Gym,Bengaluru,"Main Road, Bengaluru, Maharashtra",9667689059,Local Directory
Modern Beauty 219,Salon,Bengaluru,"Main Road, Bengaluru, Maharashtra",9271834777,Local Directory
National Restaurant 220,Restaurant,Delhi,"Main Road, Delhi, Maharashtra",9599055565,Sample Directory
Smart Fitness 221,Gym,Pune,"Main Road, Pune, Maharashtra",9187910862,Sample Directory
Elite Fitness 222,Gym,Thane,"Main Road, Thane, Maharashtra",9847054676,Local Directory
Prime Fitness 223,Gym,Hyderabad,"Main Road, Hyderabad, Maharashtra",9356802909,Local Directory
Modern Retail 224,Retail Store,Mumbai,"Main Road, Mumbai, Maharashtra",9970053977,Sample Directory
Prime Beauty 225,Salon,Thane,"Main Road, Thane, Maharashtra",9522192699,Sample Directory
National Automobile 226,Automobile,Hyderabad,"Main Road, Hyderabad, Maharashtra",9368445485,Business Directory
Metro Hospital 227,Hospital,Delhi,"Main Road, Delhi, Maharashtra",9724461274,Business Directory
Global Hotel 228,Hotel,Kolhapur,"Main Road, Kolhapur, Maharashtra",9931085047,Local Directory
National Restaurant 229,Restaurant,Hyderabad,"Main Road, Hyderabad, Maharashtra",9801964221,Business Directory
Modern Retail 230,Retail Store,Delhi,"Main Road, Delhi, Maharashtra",9390565672,Business Directory
Metro Technology 231,IT Company,Delhi,"Main Road, Delhi, Maharashtra",9875245511,Local Directory
Royal Cafe 232,Cafe,Nashik,"Main Road, Nashik, Maharashtra",9072387013,Sample Directory
Metro Fitness 233,Gym,Aurangabad,"Main Road, Aurangabad, Maharashtra",9578414062,Business Directory
Metro Retail 234,Retail Store,Aurangabad,"Main Road, Aurangabad, Maharashtra",9248447252,Sample Directory
Smart Technology 235,IT Company,Kolhapur,"Main Road, Kolhapur, Maharashtra",9784190752,Business Directory
Elite Hotel 236,Hotel,Hyderabad,"Main Road, Hyderabad, Maharashtra",9459198234,Sample Directory
Modern Beauty 237,Salon,Pune,"Main Road, Pune, Maharashtra",9231441759,Local Directory
Metro Education 238,Education,Delhi,"Main Road, Delhi, Maharashtra",9315362618,Business Directory
Prime Hospital 239,Hospital,Nashik,"Main Road, Nashik, Maharashtra",9697299418,Business Directory
Prime Hospital 240,Hospital,Mumbai,"Main Road, Mumbai, Maharashtra",9254191443,Business Directory
Green Fitness 241,Gym,Bengaluru,"Main Road, Bengaluru, Maharashtra",9461975114,Business Directory
Green Hospital 242,Hospital,Thane,"Main Road, Thane, Maharashtra",9212713064,Business Directory
Modern Cafe 243,Cafe,Pune,"Main Road, Pune, Maharashtra",9472051221,Sample Directory
Elite Hospital 244,Hospital,Nashik,"Main Road, Nashik, Maharashtra",9046312474,Sample Directory
Smart Beauty 245,Salon,Hyderabad,"Main Road, Hyderabad, Maharashtra",9570147920,Business Directory
Green Beauty 246,Salon,Kolhapur,"Main Road, Kolhapur, Maharashtra",9576253010,Business Directory
Prime Hospital 247,Hospital,Delhi,"Main Road, Delhi, Maharashtra",9196708909,Local Directory
Global Restaurant 248,Restaurant,Delhi,"Main Road, Delhi, Maharashtra",9182598986,Sample Directory
Green Retail 249,Retail Store,Hyderabad,"Main Road, Hyderabad, Maharashtra",9233569843,Local Directory
City Hotel 250,Hotel,Delhi,"Main Road, Delhi, Maharashtra",9929114230,Sample Directory
Elite Hospital 251,Hospital,Delhi,"Main Road, Delhi, Maharashtra",9033108435,Local Directory
Metro Fitness 252,Gym,Kolhapur,"Main Road, Kolhapur, Maharashtra",9266955355,Business Directory
Global Fitness 253,Gym,Nashik,"Main Road, Nashik, Maharashtra",9811966551,Local Directory
National Retail 254,Retail Store,Nashik,"Main Road, Nashik, Maharashtra",9508259302,Sample Directory
National Education 255,Education,Aurangabad,"Main Road, Aurangabad, Maharashtra",9085288495,Sample Directory
Global Automobile 256,Automobile,Thane,"Main Road, Thane, Maharashtra",9882233338,Sample Directory
Prime Automobile 257,Automobile,Nagpur,"Main Road, Nagpur, Maharashtra",9972449700,Local Directory
National Restaurant 258,Restaurant,Thane,"Main Road, Thane, Maharashtra",9456006690,Business Directory
Green Hotel 259,Hotel,Hyderabad,"Main Road, Hyderabad, Maharashtra",9316646051,Local Directory
Elite Fitness 260,Gym,Thane,"Main Road, Thane, Maharashtra",9322102124,Business Directory
Modern Education 261,Education,Nashik,"Main Road, Nashik, Maharashtra",9346970930,Local Directory
Global Hotel 262,Hotel,Mumbai,"Main Road, Mumbai, Maharashtra",9260396629,Sample Directory
Modern Education 263,Education,Nashik,"Main Road, Nashik, Maharashtra",9371269767,Sample Directory
Modern Hospital 264,Hospital,Nashik,"Main Road, Nashik, Maharashtra",9939189002,Business Directory
City Education 265,Education,Thane,"Main Road, Thane, Maharashtra",9902471998,Sample Directory
Elite Beauty 266,Salon,Bengaluru,"Main Road, Bengaluru, Maharashtra",9851968662,Local Directory
Prime Retail 267,Retail Store,Nagpur,"Main Road, Nagpur, Maharashtra",9117991745,Business Directory
Prime Retail 268,Retail Store,Aurangabad,"Main Road, Aurangabad, Maharashtra",9294769355,Local Directory
Global Education 269,Education,Thane,"Main Road, Thane, Maharashtra",9630488701,Local Directory
National Hospital 270,Hospital,Thane,"Main Road, Thane, Maharashtra",9217802704,Local Directory
Green Cafe 271,Cafe,Aurangabad,"Main Road, Aurangabad, Maharashtra",9955417215,Local Directory
Smart Hotel 272,Hotel,Nashik,"Main Road, Nashik, Maharashtra",9830453952,Sample Directory
Elite Cafe 273,Cafe,Kolhapur,"Main Road, Kolhapur, Maharashtra",9491122551,Business Directory
Prime Technology 274,IT Company,Mumbai,"Main Road, Mumbai, Maharashtra",9815889098,Local Directory
Elite Fitness 275,Gym,Kolhapur,"Main Road, Kolhapur, Maharashtra",9602992359,Local Directory
Green Fitness 276,Gym,Thane,"Main Road, Thane, Maharashtra",9178271998,Sample Directory
Smart Automobile 277,Automobile,Thane,"Main Road, Thane, Maharashtra",9507892230,Sample Directory
National Cafe 278,Cafe,Hyderabad,"Main Road, Hyderabad, Maharashtra",9847285270,Business Directory
City Hospital 279,Hospital,Thane,"Main Road, Thane, Maharashtra",9620763489,Sample Directory
Smart Retail 280,Retail Store,Pune,"Main Road, Pune, Maharashtra",9715383756,Sample Directory
National Hotel 281,Hotel,Delhi,"Main Road, Delhi, Maharashtra",9214215572,Business Directory
Royal Hotel 282,Hotel,Kolhapur,"Main Road, Kolhapur, Maharashtra",9557945294,Local Directory
Green Fitness 283,Gym,Kolhapur,"Main Road, Kolhapur, Maharashtra",9824048674,Sample Directory
Royal Technology 284,IT Company,Bengaluru,"Main Road, Bengaluru, Maharashtra",9617433865,Sample Directory
Prime Beauty 285,Salon,Kolhapur,"Main Road, Kolhapur, Maharashtra",9301558015,Local Directory
City Retail 286,Retail Store,Thane,"Main Road, Thane, Maharashtra",9789644093,Sample Directory
Modern Hotel 287,Hotel,Nagpur,"Main Road, Nagpur, Maharashtra",9380373662,Sample Directory
Global Hotel 288,Hotel,Mumbai,"Main Road, Mumbai, Maharashtra",9394096178,Sample Directory
National Beauty 289,Salon,Mumbai,"Main Road, Mumbai, Maharashtra",9464786090,Business Directory
National Education 290,Education,Pune,"Main Road, Pune, Maharashtra",9977670727,Business Directory
Elite Restaurant 291,Restaurant,Nashik,"Main Road, Nashik, Maharashtra",9133479613,Business Directory
City Fitness 292,Gym,Kolhapur,"Main Road, Kolhapur, Maharashtra",9698940687,Sample Directory
Royal Fitness 293,Gym,Bengaluru,"Main Road, Bengaluru, Maharashtra",9267033990,Local Directory
Green Retail 294,Retail Store,Aurangabad,"Main Road, Aurangabad, Maharashtra",9604096611,Sample Directory
Royal Cafe 295,Cafe,Delhi,"Main Road, Delhi, Maharashtra",9320097947,Sample Directory
Metro Hospital 296,Hospital,Pune,"Main Road, Pune, Maharashtra",9528723377,Sample Directory
Royal Restaurant 297,Restaurant,Aurangabad,"Main Road, Aurangabad, Maharashtra",9586489466,Local Directory
National Automobile 298,Automobile,Hyderabad,"Main Road, Hyderabad, Maharashtra",9284952684,Local Directory
Global Hospital 299,Hospital,Thane,"Main Road, Thane, Maharashtra",9517788879,Business Directory
Green Hotel 300,Hotel,Nagpur,"Main Road, Nagpur, Maharashtra",9610384064,Business Directory
Metro Hotel 301,Hotel,Pune,"Main Road, Pune, Maharashtra",9377008563,Business Directory
Royal Restaurant 302,Restaurant,Nagpur,"Main Road, Nagpur, Maharashtra",9403293300,Business Directory
National Hotel 303,Hotel,Pune,"Main Road, Pune, Maharashtra",9296879572,Business Directory
Global Hospital 304,Hospital,Thane,"Main Road, Thane, Maharashtra",9517079695,Business Directory
Metro Technology 305,IT Company,Bengaluru,"Main Road, Bengaluru, Maharashtra",9441855426,Local Directory
Modern Automobile 306,Automobile,Pune,"Main Road, Pune, Maharashtra",9101867911,Local Directory
Modern Education 307,Education,Pune,"Main Road, Pune, Maharashtra",9985225052,Business Directory
City Hotel 308,Hotel,Mumbai,"Main Road, Mumbai, Maharashtra",9833890366,Sample Directory
National Hospital 309,Hospital,Mumbai,"Main Road, Mumbai, Maharashtra",9444426808,Sample Directory
Metro Cafe 310,Cafe,Pune,"Main Road, Pune, Maharashtra",9813543028,Sample Directory
Royal Fitness 311,Gym,Nashik,"Main Road, Nashik, Maharashtra",9217593766,Business Directory
Global Beauty 312,Salon,Delhi,"Main Road, Delhi, Maharashtra",9029908462,Sample Directory
Modern Education 313,Education,Kolhapur,"Main Road, Kolhapur, Maharashtra",9181770321,Local Directory
National Cafe 314,Cafe,Nagpur,"Main Road, Nagpur, Maharashtra",9265630954,Business Directory
Green Fitness 315,Gym,Mumbai,"Main Road, Mumbai, Maharashtra",9933244615,Local Directory
Prime Retail 316,Retail Store,Nagpur,"Main Road, Nagpur, Maharashtra",9517797755,Business Directory
Smart Fitness 317,Gym,Delhi,"Main Road, Delhi, Maharashtra",9329595472,Business Directory
Smart Restaurant 318,Restaurant,Pune,"Main Road, Pune, Maharashtra",9164765018,Business Directory
Global Technology 319,IT Company,Kolhapur,"Main Road, Kolhapur, Maharashtra",9233564954,Business Directory
National Beauty 320,Salon,Bengaluru,"Main Road, Bengaluru, Maharashtra",9931754832,Local Directory
Metro Restaurant 321,Restaurant,Thane,"Main Road, Thane, Maharashtra",9891418883,Sample Directory
Global Technology 322,IT Company,Nashik,"Main Road, Nashik, Maharashtra",9013716948,Sample Directory
Smart Retail 323,Retail Store,Delhi,"Main Road, Delhi, Maharashtra",9174575575,Local Directory
Smart Technology 324,IT Company,Delhi,"Main Road, Delhi, Maharashtra",9353895279,Business Directory
Modern Hospital 325,Hospital,Kolhapur,"Main Road, Kolhapur, Maharashtra",9239506052,Business Directory
Prime Fitness 326,Gym,Mumbai,"Main Road, Mumbai, Maharashtra",9931198569,Local Directory
Smart Restaurant 327,Restaurant,Thane,"Main Road, Thane, Maharashtra",9019311636,Sample Directory
Metro Beauty 328,Salon,Thane,"Main Road, Thane, Maharashtra",9976365619,Business Directory
Green Fitness 329,Gym,Pune,"Main Road, Pune, Maharashtra",9450176051,Sample Directory
City Education 330,Education,Bengaluru,"Main Road, Bengaluru, Maharashtra",9887028914,Business Directory
Royal Hospital 331,Hospital,Thane,"Main Road, Thane, Maharashtra",9782233829,Business Directory
Green Beauty 332,Salon,Delhi,"Main Road, Delhi, Maharashtra",9670335196,Business Directory
Royal Hospital 333,Hospital,Hyderabad,"Main Road, Hyderabad, Maharashtra",9665813363,Business Directory
National Cafe 334,Cafe,Aurangabad,"Main Road, Aurangabad, Maharashtra",9704345243,Local Directory
Global Restaurant 335,Restaurant,Nashik,"Main Road, Nashik, Maharashtra",9327858466,Business Directory
Elite Restaurant 336,Restaurant,Mumbai,"Main Road, Mumbai, Maharashtra",9761918373,Business Directory
Smart Retail 337,Retail Store,Bengaluru,"Main Road, Bengaluru, Maharashtra",9811325734,Local Directory
Green Hospital 338,Hospital,Nashik,"Main Road, Nashik, Maharashtra",9835573914,Business Directory
Modern Fitness 339,Gym,Hyderabad,"Main Road, Hyderabad, Maharashtra",9577452018,Sample Directory
Elite Automobile 340,Automobile,Kolhapur,"Main Road, Kolhapur, Maharashtra",9431682833,Local Directory
Metro Fitness 341,Gym,Mumbai,"Main Road, Mumbai, Maharashtra",9786979397,Local Directory
City Fitness 342,Gym,Nashik,"Main Road, Nashik, Maharashtra",9465548275,Business Directory
Global Technology 343,IT Company,Delhi,"Main Road, Delhi, Maharashtra",9092501418,Business Directory
Metro Restaurant 344,Restaurant,Thane,"Main Road, Thane, Maharashtra",9238623671,Local Directory
Prime Education 345,Education,Thane,"Main Road, Thane, Maharashtra",9318668009,Sample Directory
Prime Hotel 346,Hotel,Delhi,"Main Road, Delhi, Maharashtra",9667035356,Local Directory
Modern Technology 347,IT Company,Nashik,"Main Road, Nashik, Maharashtra",9082067977,Local Directory
Royal Cafe 348,Cafe,Hyderabad,"Main Road, Hyderabad, Maharashtra",9218242443,Business Directory
Smart Fitness 349,Gym,Pune,"Main Road, Pune, Maharashtra",9256993260,Local Directory
Elite Education 350,Education,Aurangabad,"Main Road, Aurangabad, Maharashtra",9842671906,Sample Directory
Global Fitness 351,Gym,Aurangabad,"Main Road, Aurangabad, Maharashtra",9792002428,Local Directory
Royal Hospital 352,Hospital,Kolhapur,"Main Road, Kolhapur, Maharashtra",9770781164,Local Directory
Metro Technology 353,IT Company,Kolhapur,"Main Road, Kolhapur, Maharashtra",9641129559,Sample Directory
National Hotel 354,Hotel,Bengaluru,"Main Road, Bengaluru, Maharashtra",9400491252,Business Directory
Royal Hospital 355,Hospital,Kolhapur,"Main Road, Kolhapur, Maharashtra",9436936584,Local Directory
National Automobile 356,Automobile,Pune,"Main Road, Pune, Maharashtra",9739698085,Local Directory
Smart Education 357,Education,Nagpur,"Main Road, Nagpur, Maharashtra",9299049158,Local Directory
Elite Beauty 358,Salon,Thane,"Main Road, Thane, Maharashtra",9166217904,Sample Directory
National Education 359,Education,Pune,"Main Road, Pune, Maharashtra",9768014535,Sample Directory
Modern Fitness 360,Gym,Kolhapur,"Main Road, Kolhapur, Maharashtra",9084513203,Business Directory
Metro Cafe 361,Cafe,Thane,"Main Road, Thane, Maharashtra",9409888527,Sample Directory
Prime Hotel 362,Hotel,Bengaluru,"Main Road, Bengaluru, Maharashtra",9454059415,Business Directory
Prime Hospital 363,Hospital,Thane,"Main Road, Thane, Maharashtra",9740541386,Sample Directory
City Hospital 364,Hospital,Pune,"Main Road, Pune, Maharashtra",9214400877,Business Directory
Prime Cafe 365,Cafe,Pune,"Main Road, Pune, Maharashtra",9503098804,Local Directory
Metro Cafe 366,Cafe,Bengaluru,"Main Road, Bengaluru, Maharashtra",9654645281,Business Directory
Royal Hospital 367,Hospital,Kolhapur,"Main Road, Kolhapur, Maharashtra",9108594016,Sample Directory
City Technology 368,IT Company,Pune,"Main Road, Pune, Maharashtra",9822268721,Business Directory
Royal Cafe 369,Cafe,Hyderabad,"Main Road, Hyderabad, Maharashtra",9354559463,Business Directory
Metro Automobile 370,Automobile,Bengaluru,"Main Road, Bengaluru, Maharashtra",9223048411,Local Directory
City Education 371,Education,Aurangabad,"Main Road, Aurangabad, Maharashtra",9146488209,Business Directory
Smart Fitness 372,Gym,Mumbai,"Main Road, Mumbai, Maharashtra",9740999432,Sample Directory
Prime Automobile 373,Automobile,Bengaluru,"Main Road, Bengaluru, Maharashtra",9014613705,Business Directory
Green Beauty 374,Salon,Thane,"Main Road, Thane, Maharashtra",9578417405,Sample Directory
Prime Retail 375,Retail Store,Kolhapur,"Main Road, Kolhapur, Maharashtra",9025559225,Sample Directory
Smart Fitness 376,Gym,Bengaluru,"Main Road, Bengaluru, Maharashtra",9480927818,Sample Directory
Prime Technology 377,IT Company,Delhi,"Main Road, Delhi, Maharashtra",9512970500,Sample Directory
Elite Cafe 378,Cafe,Hyderabad,"Main Road, Hyderabad, Maharashtra",9734274796,Business Directory
Modern Cafe 379,Cafe,Hyderabad,"Main Road, Hyderabad, Maharashtra",9293855409,Business Directory
City Hospital 380,Hospital,Nagpur,"Main Road, Nagpur, Maharashtra",9407025285,Local Directory
Modern Hospital 381,Hospital,Nagpur,"Main Road, Nagpur, Maharashtra",9553638784,Sample Directory
Metro Hotel 382,Hotel,Bengaluru,"Main Road, Bengaluru, Maharashtra",9956659529,Local Directory
Elite Fitness 383,Gym,Pune,"Main Road, Pune, Maharashtra",9845254471,Local Directory
Elite Fitness 384,Gym,Kolhapur,"Main Road, Kolhapur, Maharashtra",9172365680,Business Directory
Global Cafe 385,Cafe,Nashik,"Main Road, Nashik, Maharashtra",9320179363,Business Directory
Green Hotel 386,Hotel,Aurangabad,"Main Road, Aurangabad, Maharashtra",9387116203,Local Directory
Prime Retail 387,Retail Store,Nagpur,"Main Road, Nagpur, Maharashtra",9761812026,Business Directory
Modern Automobile 388,Automobile,Pune,"Main Road, Pune, Maharashtra",9701662883,Sample Directory
National Hospital 389,Hospital,Kolhapur,"Main Road, Kolhapur, Maharashtra",9153949548,Business Directory
City Retail 390,Retail Store,Hyderabad,"Main Road, Hyderabad, Maharashtra",9207877449,Local Directory
Prime Beauty 391,Salon,Aurangabad,"Main Road, Aurangabad, Maharashtra",9825151264,Sample Directory
Elite Beauty 392,Salon,Bengaluru,"Main Road, Bengaluru, Maharashtra",9453518199,Sample Directory
National Beauty 393,Salon,Kolhapur,"Main Road, Kolhapur, Maharashtra",9488402912,Local Directory
Green Cafe 394,Cafe,Bengaluru,"Main Road, Bengaluru, Maharashtra",9371239862,Business Directory
Smart Cafe 395,Cafe,Aurangabad,"Main Road, Aurangabad, Maharashtra",9634262121,Sample Directory
Elite Cafe 396,Cafe,Thane,"Main Road, Thane, Maharashtra",9938144987,Business Directory
Global Fitness 397,Gym,Nagpur,"Main Road, Nagpur, Maharashtra",9976801615,Sample Directory
Green Retail 398,Retail Store,Kolhapur,"Main Road, Kolhapur, Maharashtra",9368560834,Business Directory
National Restaurant 399,Restaurant,Bengaluru,"Main Road, Bengaluru, Maharashtra",9949763619,Sample Directory
City Hotel 400,Hotel,Kolhapur,"Main Road, Kolhapur, Maharashtra",9883922018,Local Directory
Metro Technology 401,IT Company,Thane,"Main Road, Thane, Maharashtra",9871840745,Sample Directory
Smart Technology 402,IT Company,Delhi,"Main Road, Delhi, Maharashtra",9832128172,Local Directory
Global Hospital 403,Hospital,Aurangabad,"Main Road, Aurangabad, Maharashtra",9512723714,Local Directory
Royal Hospital 404,Hospital,Nashik,"Main Road, Nashik, Maharashtra",9500098326,Business Directory
Modern Automobile 405,Automobile,Bengaluru,"Main Road, Bengaluru, Maharashtra",9406689471,Business Directory
Modern Hotel 406,Hotel,Nagpur,"Main Road, Nagpur, Maharashtra",9358404024,Local Directory
Green Beauty 407,Salon,Thane,"Main Road, Thane, Maharashtra",9857603254,Local Directory
City Hotel 408,Hotel,Hyderabad,"Main Road, Hyderabad, Maharashtra",9962027536,Sample Directory
Elite Hotel 409,Hotel,Hyderabad,"Main Road, Hyderabad, Maharashtra",9540419212,Local Directory
Elite Cafe 410,Cafe,Nashik,"Main Road, Nashik, Maharashtra",9602349632,Sample Directory
Royal Education 411,Education,Pune,"Main Road, Pune, Maharashtra",9255029798,Local Directory
Global Education 412,Education,Mumbai,"Main Road, Mumbai, Maharashtra",9093023568,Sample Directory
Modern Retail 413,Retail Store,Delhi,"Main Road, Delhi, Maharashtra",9361607222,Business Directory
Smart Education 414,Education,Thane,"Main Road, Thane, Maharashtra",9570023891,Local Directory
Elite Cafe 415,Cafe,Nagpur,"Main Road, Nagpur, Maharashtra",9134741991,Business Directory
Green Automobile 416,Automobile,Thane,"Main Road, Thane, Maharashtra",9531058154,Business Directory
Green Hotel 417,Hotel,Delhi,"Main Road, Delhi, Maharashtra",9070253261,Sample Directory
Royal Retail 418,Retail Store,Mumbai,"Main Road, Mumbai, Maharashtra",9233995244,Business Directory
Global Technology 419,IT Company,Thane,"Main Road, Thane, Maharashtra",9340612041,Local Directory
Modern Education 420,Education,Delhi,"Main Road, Delhi, Maharashtra",9332419682,Local Directory
Modern Restaurant 421,Restaurant,Pune,"Main Road, Pune, Maharashtra",9055753707,Local Directory
Metro Restaurant 422,Restaurant,Pune,"Main Road, Pune, Maharashtra",9531746924,Sample Directory
Elite Cafe 423,Cafe,Hyderabad,"Main Road, Hyderabad, Maharashtra",9200770872,Local Directory
Modern Education 424,Education,Hyderabad,"Main Road, Hyderabad, Maharashtra",9805357938,Sample Directory
Smart Cafe 425,Cafe,Nagpur,"Main Road, Nagpur, Maharashtra",9286406125,Business Directory
Prime Hotel 426,Hotel,Delhi,"Main Road, Delhi, Maharashtra",9776489242,Business Directory
Smart Technology 427,IT Company,Nagpur,"Main Road, Nagpur, Maharashtra",9792099607,Local Directory
Global Cafe 428,Cafe,Bengaluru,"Main Road, Bengaluru, Maharashtra",9036451763,Business Directory
Elite Restaurant 429,Restaurant,Delhi,"Main Road, Delhi, Maharashtra",9544038315,Business Directory
Royal Fitness 430,Gym,Delhi,"Main Road, Delhi, Maharashtra",9863198970,Business Directory
Green Automobile 431,Automobile,Hyderabad,"Main Road, Hyderabad, Maharashtra",9668736532,Business Directory
Royal Restaurant 432,Restaurant,Hyderabad,"Main Road, Hyderabad, Maharashtra",9465453700,Local Directory
Prime Cafe 433,Cafe,Kolhapur,"Main Road, Kolhapur, Maharashtra",9658034193,Local Directory
Metro Hotel 434,Hotel,Pune,"Main Road, Pune, Maharashtra",9425945175,Sample Directory
National Restaurant 435,Restaurant,Mumbai,"Main Road, Mumbai, Maharashtra",9753569832,Business Directory
Smart Fitness 436,Gym,Pune,"Main Road, Pune, Maharashtra",9294382270,Sample Directory
Modern Hospital 437,Hospital,Nashik,"Main Road, Nashik, Maharashtra",9330345946,Sample Directory
National Fitness 438,Gym,Hyderabad,"Main Road, Hyderabad, Maharashtra",9840688776,Sample Directory
Smart Hospital 439,Hospital,Delhi,"Main Road, Delhi, Maharashtra",9369180221,Local Directory
City Automobile 440,Automobile,Thane,"Main Road, Thane, Maharashtra",9014361745,Business Directory
Elite Automobile 441,Automobile,Bengaluru,"Main Road, Bengaluru, Maharashtra",9805477212,Sample Directory
Global Hotel 442,Hotel,Delhi,"Main Road, Delhi, Maharashtra",9174358153,Sample Directory
Smart Fitness 443,Gym,Delhi,"Main Road, Delhi, Maharashtra",9977556815,Local Directory
Modern Fitness 444,Gym,Thane,"Main Road, Thane, Maharashtra",9743186302,Business Directory
Elite Hotel 445,Hotel,Aurangabad,"Main Road, Aurangabad, Maharashtra",9519125264,Sample Directory
Royal Education 446,Education,Mumbai,"Main Road, Mumbai, Maharashtra",9386843091,Business Directory
Green Restaurant 447,Restaurant,Aurangabad,"Main Road, Aurangabad, Maharashtra",9844443118,Sample Directory
Green Hotel 448,Hotel,Nashik,"Main Road, Nashik, Maharashtra",9299017153,Local Directory
Global Fitness 449,Gym,Nagpur,"Main Road, Nagpur, Maharashtra",9111353821,Business Directory
Metro Education 450,Education,Delhi,"Main Road, Delhi, Maharashtra",9707815696,Local Directory
National Fitness 451,Gym,Nagpur,"Main Road, Nagpur, Maharashtra",9093358778,Business Directory
Global Beauty 452,Salon,Nagpur,"Main Road, Nagpur, Maharashtra",9982380701,Business Directory
Metro Hotel 453,Hotel,Thane,"Main Road, Thane, Maharashtra",9153749937,Sample Directory
Royal Cafe 454,Cafe,Nashik,"Main Road, Nashik, Maharashtra",9969050826,Local Directory
Green Technology 455,IT Company,Hyderabad,"Main Road, Hyderabad, Maharashtra",9173113683,Sample Directory
Modern Hotel 456,Hotel,Mumbai,"Main Road, Mumbai, Maharashtra",9783487557,Sample Directory
National Hotel 457,Hotel,Aurangabad,"Main Road, Aurangabad, Maharashtra",9896689847,Sample Directory
Prime Automobile 458,Automobile,Mumbai,"Main Road, Mumbai, Maharashtra",9633354675,Local Directory
Metro Restaurant 459,Restaurant,Mumbai,"Main Road, Mumbai, Maharashtra",9836233103,Local Directory
Global Technology 460,IT Company,Nagpur,"Main Road, Nagpur, Maharashtra",9146622217,Local Directory
Royal Retail 461,Retail Store,Pune,"Main Road, Pune, Maharashtra",9848873993,Sample Directory
City Cafe 462,Cafe,Nashik,"Main Road, Nashik, Maharashtra",9628135558,Local Directory
Green Hospital 463,Hospital,Hyderabad,"Main Road, Hyderabad, Maharashtra",9221674094,Sample Directory
Modern Cafe 464,Cafe,Kolhapur,"Main Road, Kolhapur, Maharashtra",9016755669,Business Directory
City Automobile 465,Automobile,Nashik,"Main Road, Nashik, Maharashtra",9170100491,Business Directory
City Hospital 466,Hospital,Kolhapur,"Main Road, Kolhapur, Maharashtra",9158578877,Local Directory
Royal Restaurant 467,Restaurant,Aurangabad,"Main Road, Aurangabad, Maharashtra",9257821844,Sample Directory
Elite Hospital 468,Hospital,Mumbai,"Main Road, Mumbai, Maharashtra",9623675227,Business Directory
Royal Hotel 469,Hotel,Aurangabad,"Main Road, Aurangabad, Maharashtra",9590462825,Sample Directory
Global Hospital 470,Hospital,Nagpur,"Main Road, Nagpur, Maharashtra",9842457433,Local Directory
Smart Technology 471,IT Company,Nagpur,"Main Road, Nagpur, Maharashtra",9815856697,Business Directory
Global Beauty 472,Salon,Thane,"Main Road, Thane, Maharashtra",9263449455,Local Directory
Prime Retail 473,Retail Store,Delhi,"Main Road, Delhi, Maharashtra",9831627132,Sample Directory
Modern Restaurant 474,Restaurant,Mumbai,"Main Road, Mumbai, Maharashtra",9059381289,Local Directory
Modern Automobile 475,Automobile,Pune,"Main Road, Pune, Maharashtra",9868025612,Sample Directory
Global Hospital 476,Hospital,Delhi,"Main Road, Delhi, Maharashtra",9069070278,Sample Directory
Elite Education 477,Education,Mumbai,"Main Road, Mumbai, Maharashtra",9372818777,Sample Directory
Royal Restaurant 478,Restaurant,Mumbai,"Main Road, Mumbai, Maharashtra",9053205619,Local Directory
Prime Hospital 479,Hospital,Nashik,"Main Road, Nashik, Maharashtra",9000599572,Business Directory
National Hotel 480,Hotel,Aurangabad,"Main Road, Aurangabad, Maharashtra",9994760450,Sample Directory
Elite Automobile 481,Automobile,Nagpur,"Main Road, Nagpur, Maharashtra",9680937477,Local Directory
Metro Cafe 482,Cafe,Bengaluru,"Main Road, Bengaluru, Maharashtra",9742083962,Local Directory
Green Beauty 483,Salon,Hyderabad,"Main Road, Hyderabad, Maharashtra",9935840649,Local Directory
Elite Retail 484,Retail Store,Nagpur,"Main Road, Nagpur, Maharashtra",9792633437,Local Directory
Elite Restaurant 485,Restaurant,Delhi,"Main Road, Delhi, Maharashtra",9439561797,Business Directory
Green Beauty 486,Salon,Hyderabad,"Main Road, Hyderabad, Maharashtra",9881580152,Local Directory
Smart Restaurant 487,Restaurant,Delhi,"Main Road, Delhi, Maharashtra",9016490972,Local Directory
National Retail 488,Retail Store,Pune,"Main Road, Pune, Maharashtra",9566185576,Sample Directory
Prime Education 489,Education,Nashik,"Main Road, Nashik, Maharashtra",9915405573,Sample Directory
Global Cafe 490,Cafe,Mumbai,"Main Road, Mumbai, Maharashtra",9148621316,Local Directory
Elite Education 491,Education,Pune,"Main Road, Pune, Maharashtra",9707642207,Local Directory
Modern Automobile 492,Automobile,Thane,"Main Road, Thane, Maharashtra",9543089796,Business Directory
Prime Restaurant 493,Restaurant,Nashik,"Main Road, Nashik, Maharashtra",9748120366,Business Directory
Metro Restaurant 494,Restaurant,Hyderabad,"Main Road, Hyderabad, Maharashtra",9133183230,Business Directory
Metro Technology 495,IT Company,Aurangabad,"Main Road, Aurangabad, Maharashtra",9967003278,Local Directory
Prime Education 496,Education,Delhi,"Main Road, Delhi, Maharashtra",9481594434,Local Directory
Metro Cafe 497,Cafe,Hyderabad,"Main Road, Hyderabad, Maharashtra",9315674356,Business Directory
Metro Cafe 498,Cafe,Nashik,"Main Road, Nashik, Maharashtra",9965978586,Local Directory
Global Cafe 499,Cafe,Mumbai,"Main Road, Mumbai, Maharashtra",9640862983,Business Directory
Modern Hotel 500,Hotel,Nagpur,"Main Road, Nagpur, Maharashtra",9433001806,Sample Directory
